FileID,Intercept,umol.L.sec,Temp.C
AS_1_14C.csv,200.13113241385622,0.013150577346041137,27.85748717948718
AS_2_14C.csv,195.807118435912,0.011567617165443219,27.87
BLANK_14C_A.csv,171.0917740695128,0.015380281882868172,27.926179487179486
